ijk,1024,6,dynamic,64,0,0.929700,4.984375,2309.87,0.8935
ijk,1024,6,dynamic,64,1,0.934808,4.937500,2297.24,0.8803
ijk,1024,6,dynamic,64,2,0.850450,4.484375,2525.12,0.8788
ijk,1024,6,dynamic,64,3,0.849306,4.406250,2528.52,0.8647
ijk,1024,6,dynamic,64,4,0.837656,4.359375,2563.68,0.8674
ikj,1024,6,dynamic,64,0,0.055580,0.312500,38637.84,0.9371
ikj,1024,6,dynamic,64,1,0.075200,0.359375,28556.89,0.7965
ikj,1024,6,dynamic,64,2,0.063388,0.328125,33878.29,0.8627
ikj,1024,6,dynamic,64,3,0.067107,0.312500,32000.75,0.7761
ikj,1024,6,dynamic,64,4,0.068821,0.343750,31203.72,0.8325
ijk,1024,6,static,16,0,0.890811,5.078125,2410.71,0.9501
ijk,1024,6,static,16,1,0.875110,4.984375,2453.96,0.9493
ijk,1024,6,static,16,2,0.795749,4.593750,2698.69,0.9621
ijk,1024,6,static,16,3,0.808406,4.546875,2656.44,0.9374
ijk,1024,6,static,16,4,0.801141,4.562500,2680.53,0.9492
ikj,1024,6,static,16,0,0.065090,0.343750,32992.43,0.8802
ikj,1024,6,static,16,1,0.060208,0.328125,35667.75,0.9083
ikj,1024,6,static,16,2,0.054398,0.265625,39477.47,0.8138
ikj,1024,6,static,16,3,0.072952,0.406250,29436.94,0.9281
ikj,1024,6,static,16,4,0.065969,0.343750,32552.72,0.8685
ijk,1024,12,dynamic,16,0,0.467767,4.781250,4590.92,0.8518
ijk,1024,12,dynamic,16,1,0.460671,4.796875,4661.64,0.8677
ijk,1024,12,dynamic,16,2,0.467040,4.703125,4598.07,0.8392
ijk,1024,12,dynamic,16,3,0.452601,4.687500,4744.76,0.8631
ijk,1024,12,dynamic,16,4,0.464604,4.500000,4622.18,0.8071
ikj,1024,12,dynamic,16,0,0.044963,0.421875,47760.92,0.7819
ikj,1024,12,dynamic,16,1,0.044144,0.468750,48647.35,0.8849
ikj,1024,12,dynamic,16,2,0.043694,0.484375,49148.03,0.9238
ikj,1024,12,dynamic,16,3,0.046682,0.421875,46002.29,0.7531
ikj,1024,12,dynamic,16,4,0.041611,0.343750,51608.80,0.6884
ijk,1024,12,static,1,0,0.417280,3.968750,5146.38,0.7926
ijk,1024,12,static,1,1,0.480693,4.265625,4467.48,0.7395
ijk,1024,12,static,1,2,0.414413,4.359375,5182.00,0.8766
ijk,1024,12,static,1,3,0.432200,4.312500,4968.73,0.8315
ijk,1024,12,static,1,4,0.403408,4.203125,5323.35,0.8683
ikj,1024,12,static,1,0,0.054151,0.500000,39657.54,0.7695
ikj,1024,12,static,1,1,0.048486,0.421875,44290.80,0.7251
ikj,1024,12,static,1,2,0.051176,0.484375,41962.38,0.7887
ikj,1024,12,static,1,3,0.050177,0.500000,42798.42,0.8304
ikj,1024,12,static,1,4,0.045345,0.531250,47358.77,0.9763
ijk,1024,6,static,1,0,0.775657,4.531250,2768.60,0.9736
ijk,1024,6,static,1,1,0.802984,4.593750,2674.38,0.9535
ijk,1024,6,static,1,2,0.792257,4.453125,2710.59,0.9368
ijk,1024,6,static,1,3,0.735854,4.296875,2918.35,0.9732
ijk,1024,6,static,1,4,0.746891,4.265625,2875.23,0.9519
ikj,1024,6,static,1,0,0.077346,0.453125,27764.64,0.9764
ikj,1024,6,static,1,1,0.069761,0.453125,30783.31,1.0826
ikj,1024,6,static,1,2,0.068227,0.375000,31475.71,0.9161
ikj,1024,6,static,1,3,0.068581,0.390625,31313.10,0.9493
ikj,1024,6,static,1,4,0.065705,0.312500,32683.87,0.7927
ijk,1024,6,static,0,0,0.835501,4.796875,2570.29,0.9569
ijk,1024,6,static,0,1,0.813903,4.796875,2638.50,0.9823
ijk,1024,6,static,0,2,0.833546,4.750000,2576.32,0.9498
ijk,1024,6,static,0,3,0.780309,4.484375,2752.09,0.9578
ijk,1024,6,static,0,4,0.854862,4.625000,2512.08,0.9017
ikj,1024,6,static,0,0,0.054291,0.359375,39554.99,1.1032
ikj,1024,6,static,0,1,0.059605,0.296875,36028.58,0.8301
ikj,1024,6,static,0,2,0.056394,0.281250,38079.73,0.8312
ikj,1024,6,static,0,3,0.048525,0.281250,44255.20,0.9660
ikj,1024,6,static,0,4,0.057376,0.296875,37428.00,0.8624
ijk,1024,12,dynamic,64,0,0.675607,4.437500,3178.60,0.5473
ijk,1024,12,dynamic,64,1,0.715766,4.343750,3000.26,0.5057
ijk,1024,12,dynamic,64,2,0.613187,4.546875,3502.17,0.6179
ijk,1024,12,dynamic,64,3,0.621453,4.531250,3455.59,0.6076
ijk,1024,12,dynamic,64,4,0.613742,4.406250,3499.00,0.5983
ikj,1024,12,dynamic,64,0,0.043203,0.343750,49706.93,0.6631
ikj,1024,12,dynamic,64,1,0.044202,0.312500,48583.62,0.5892
ikj,1024,12,dynamic,64,2,0.042755,0.406250,50228.01,0.7918
ikj,1024,12,dynamic,64,3,0.050467,0.390625,42552.24,0.6450
ikj,1024,12,dynamic,64,4,0.047663,0.406250,45056.04,0.7103
ijk,1024,6,dynamic,16,0,0.858317,4.859375,2501.97,0.9436
ijk,1024,6,dynamic,16,1,0.861696,4.828125,2492.16,0.9338
ijk,1024,6,dynamic,16,2,0.916277,4.671875,2343.70,0.8498
ijk,1024,6,dynamic,16,3,0.880440,4.812500,2439.10,0.9110
ijk,1024,6,dynamic,16,4,0.856725,4.937500,2506.62,0.9605
ikj,1024,6,dynamic,16,0,0.034762,0.187500,61776.94,0.8990
ikj,1024,6,dynamic,16,1,0.036776,0.187500,58393.30,0.8497
ikj,1024,6,dynamic,16,2,0.041810,0.281250,51363.16,1.1211
ikj,1024,6,dynamic,16,3,0.043307,0.281250,49587.11,1.0824
ikj,1024,6,dynamic,16,4,0.041709,0.187500,51487.54,0.7492
ijk,1024,6,guided,16,0,0.827345,4.875000,2595.63,0.9821
ijk,1024,6,guided,16,1,0.817562,4.843750,2626.69,0.9874
ijk,1024,6,guided,16,2,0.820100,4.703125,2618.56,0.9558
ijk,1024,6,guided,16,3,0.788321,4.546875,2724.12,0.9613
ijk,1024,6,guided,16,4,0.786418,4.453125,2730.72,0.9438
ikj,1024,6,guided,16,0,0.048029,0.281250,44712.42,0.9760
ikj,1024,6,guided,16,1,0.050149,0.265625,42822.06,0.8828
ikj,1024,6,guided,16,2,0.044543,0.281250,48211.04,1.0523
ikj,1024,6,guided,16,3,0.051385,0.281250,41792.28,0.9122
ikj,1024,6,guided,16,4,0.050718,0.328125,42342.06,1.0783
ijk,1024,6,dynamic,1,0,0.836261,4.921875,2567.96,0.9809
ijk,1024,6,dynamic,1,1,0.836388,4.890625,2567.57,0.9746
ijk,1024,6,dynamic,1,2,0.822080,4.906250,2612.26,0.9947
ijk,1024,6,dynamic,1,3,0.822393,4.906250,2611.26,0.9943
ijk,1024,6,dynamic,1,4,0.825660,4.718750,2600.93,0.9525
ikj,1024,6,dynamic,1,0,0.065364,0.375000,32854.08,0.9562
ikj,1024,6,dynamic,1,1,0.064655,0.375000,33214.40,0.9667
ikj,1024,6,dynamic,1,2,0.063848,0.375000,33634.05,0.9789
ikj,1024,6,dynamic,1,3,0.062319,0.375000,34459.31,1.0029
ikj,1024,6,dynamic,1,4,0.064231,0.375000,33433.70,0.9730
ijk,1024,12,guided,16,0,0.433908,4.406250,4949.17,0.8462
ijk,1024,12,guided,16,1,0.491415,4.562500,4370.00,0.7737
ijk,1024,12,guided,16,2,0.446713,4.484375,4807.30,0.8365
ijk,1024,12,guided,16,3,0.496250,4.406250,4327.42,0.7399
ijk,1024,12,guided,16,4,0.433486,4.515625,4953.99,0.8681
ikj,1024,12,guided,16,0,0.043385,0.515625,49498.64,0.9904
ikj,1024,12,guided,16,1,0.036760,0.375000,58418.40,0.8501
ikj,1024,12,guided,16,2,0.040219,0.328125,53395.15,0.6799
ikj,1024,12,guided,16,3,0.047251,0.437500,45448.14,0.7716
ikj,1024,12,guided,16,4,0.061578,0.359375,34874.20,0.4863
ijk,1024,12,static,0,0,0.495012,4.687500,4338.24,0.7891
ijk,1024,12,static,0,1,0.485967,4.468750,4418.99,0.7663
ijk,1024,12,static,0,2,0.575686,4.484375,3730.30,0.6491
ijk,1024,12,static,0,3,0.491472,4.375000,4369.50,0.7418
ijk,1024,12,static,0,4,0.558741,4.625000,3843.43,0.6898
ikj,1024,12,static,0,0,0.038754,0.328125,55413.78,0.7056
ikj,1024,12,static,0,1,0.040211,0.500000,53405.25,1.0362
ikj,1024,12,static,0,2,0.039280,0.328125,54670.75,0.6961
ikj,1024,12,static,0,3,0.045336,0.421875,47368.28,0.7755
ikj,1024,12,static,0,4,0.042914,0.500000,50041.91,0.9709
ijk,1024,12,guided,0,0,0.419795,4.468750,5115.55,0.8871
ijk,1024,12,guided,0,1,0.454066,4.515625,4729.45,0.8287
ijk,1024,12,guided,0,2,0.415279,4.171875,5171.19,0.8372
ijk,1024,12,guided,0,3,0.386934,4.250000,5550.01,0.9153
ijk,1024,12,guided,0,4,0.395954,4.062500,5423.57,0.8550
ikj,1024,12,guided,0,0,0.037670,0.359375,57007.34,0.7950
ikj,1024,12,guided,0,1,0.039964,0.421875,53735.32,0.8797
ikj,1024,12,guided,0,2,0.039735,0.343750,54045.41,0.7209
ikj,1024,12,guided,0,3,0.038310,0.343750,56056.02,0.7477
ikj,1024,12,guided,0,4,0.037707,0.296875,56951.71,0.6561
ijk,1024,12,static,16,0,0.516643,4.187500,4156.61,0.6754
ijk,1024,12,static,16,1,0.510380,4.359375,4207.62,0.7118
ijk,1024,12,static,16,2,0.548662,4.671875,3914.04,0.7096
ijk,1024,12,static,16,3,0.487103,4.640625,4408.69,0.7939
ijk,1024,12,static,16,4,0.495008,4.500000,4338.29,0.7576
ikj,1024,12,static,16,0,0.039330,0.484375,54600.98,1.0263
ikj,1024,12,static,16,1,0.038353,0.328125,55992.00,0.7129
ikj,1024,12,static,16,2,0.043176,0.421875,49738.36,0.8143
ikj,1024,12,static,16,3,0.044374,0.375000,48394.65,0.7042
ikj,1024,12,static,16,4,0.045949,0.375000,46735.84,0.6801
ijk,1024,12,dynamic,1,0,0.401962,4.609375,5342.50,0.9556
ijk,1024,12,dynamic,1,1,0.419775,4.281250,5115.79,0.8499
ijk,1024,12,dynamic,1,2,0.415653,4.312500,5166.53,0.8646
ijk,1024,12,dynamic,1,3,0.450975,4.515625,4761.87,0.8344
ijk,1024,12,dynamic,1,4,0.412566,4.562500,5205.19,0.9216
ikj,1024,12,dynamic,1,0,0.052267,0.718750,41087.11,1.1460
ikj,1024,12,dynamic,1,1,0.054969,0.515625,39066.96,0.7817
ikj,1024,12,dynamic,1,2,0.054903,0.656250,39114.35,0.9961
ikj,1024,12,dynamic,1,3,0.054190,0.546875,39628.56,0.8410
ikj,1024,12,dynamic,1,4,0.055192,0.687500,38909.54,1.0380
ijk,1024,6,guided,0,0,0.784312,4.687500,2738.05,0.9961
ijk,1024,6,guided,0,1,0.785395,4.703125,2734.27,0.9980
ijk,1024,6,guided,0,2,0.796401,4.625000,2696.49,0.9679
ijk,1024,6,guided,0,3,0.780946,4.546875,2749.85,0.9704
ijk,1024,6,guided,0,4,0.806985,4.687500,2661.12,0.9681
ikj,1024,6,guided,0,0,0.040338,0.281250,53236.71,1.1620
ikj,1024,6,guided,0,1,0.046219,0.281250,46463.32,1.0142
ikj,1024,6,guided,0,2,0.047964,0.281250,44773.29,0.9773
ikj,1024,6,guided,0,3,0.048149,0.281250,44600.42,0.9735
ikj,1024,6,guided,0,4,0.041054,0.265625,52308.37,1.0783
ijk,1024,12,guided,0,0,0.560205,4.593750,3833.39,0.6833
ijk,1024,12,guided,0,1,0.397876,4.390625,5397.37,0.9196
ijk,1024,12,guided,0,2,0.413061,4.125000,5198.95,0.8322
ijk,1024,12,guided,0,3,0.461928,4.187500,4648.96,0.7554
ijk,1024,12,guided,0,4,0.465548,4.156250,4612.80,0.7440
ikj,1024,12,guided,0,0,0.045112,0.296875,47603.17,0.5484
ikj,1024,12,guided,0,1,0.039657,0.359375,54151.85,0.7552
ikj,1024,12,guided,0,2,0.042831,0.343750,50138.89,0.6688
ikj,1024,12,guided,0,3,0.040055,0.328125,53612.84,0.6826
ikj,1024,12,guided,0,4,0.039936,0.437500,53773.40,0.9129
ijk,1024,12,static,0,0,0.516021,4.593750,4161.62,0.7419
ijk,1024,12,static,0,1,0.493710,4.468750,4349.69,0.7543
ijk,1024,12,static,0,2,0.583554,4.453125,3680.01,0.6359
ijk,1024,12,static,0,3,0.469191,4.156250,4576.99,0.7382
ijk,1024,12,static,0,4,0.437409,4.156250,4909.56,0.7918
ikj,1024,12,static,0,0,0.044891,0.500000,47837.95,0.9282
ikj,1024,12,static,0,1,0.043299,0.406250,49597.18,0.7819
ikj,1024,12,static,0,2,0.042216,0.375000,50869.19,0.7402
ikj,1024,12,static,0,3,0.041329,0.328125,51960.95,0.6616
ikj,1024,12,static,0,4,0.049414,0.468750,43458.66,0.7905
ijk,1024,6,static,0,0,0.837332,4.875000,2564.68,0.9703
ijk,1024,6,static,0,1,0.846573,4.968750,2536.68,0.9782
ijk,1024,6,static,0,2,0.877349,4.718750,2447.70,0.8964
ijk,1024,6,static,0,3,0.839502,4.812500,2558.05,0.9554
ijk,1024,6,static,0,4,0.862319,4.906250,2490.36,0.9483
ikj,1024,6,static,0,0,0.037464,0.171875,57321.57,0.7646
ikj,1024,6,static,0,1,0.047064,0.218750,45628.52,0.7746
ikj,1024,6,static,0,2,0.044733,0.234375,48006.91,0.8732
ikj,1024,6,static,0,3,0.045477,0.218750,47221.11,0.8017
ikj,1024,6,static,0,4,0.041365,0.187500,51915.10,0.7555
ijk,1024,6,guided,16,0,0.784673,4.609375,2736.79,0.9790
ijk,1024,6,guided,16,1,0.791394,4.625000,2713.55,0.9740
ijk,1024,6,guided,16,2,0.796272,4.640625,2696.92,0.9713
ijk,1024,6,guided,16,3,0.784916,4.625000,2735.94,0.9821
ijk,1024,6,guided,16,4,0.794815,4.671875,2701.87,0.9797
ikj,1024,6,guided,16,0,0.044502,0.281250,48256.22,1.0533
ikj,1024,6,guided,16,1,0.036312,0.187500,59139.78,0.8606
ikj,1024,6,guided,16,2,0.043034,0.281250,49902.37,1.0893
ikj,1024,6,guided,16,3,0.039503,0.250000,54362.41,1.0548
ikj,1024,6,guided,16,4,0.049445,0.171875,43431.85,0.5793
ijk,1024,12,guided,16,0,0.616634,4.484375,3482.59,0.6060
ijk,1024,12,guided,16,1,0.484960,4.343750,4428.17,0.7464
ijk,1024,12,guided,16,2,0.446125,4.328125,4813.63,0.8085
ijk,1024,12,guided,16,3,0.461389,4.375000,4654.39,0.7902
ijk,1024,12,guided,16,4,0.435398,4.218750,4932.23,0.8075
ikj,1024,12,guided,16,0,0.041264,0.421875,52042.17,0.8520
ikj,1024,12,guided,16,1,0.039850,0.281250,53888.91,0.5881
ikj,1024,12,guided,16,2,0.041133,0.484375,52208.93,0.9813
ikj,1024,12,guided,16,3,0.041224,0.343750,52092.66,0.6949
ikj,1024,12,guided,16,4,0.042365,0.312500,50689.92,0.6147
ijk,1024,6,static,16,0,0.891143,4.968750,2409.81,0.9293
ijk,1024,6,static,16,1,0.868401,4.968750,2472.92,0.9536
ijk,1024,6,static,16,2,0.874028,5.000000,2457.00,0.9534
ijk,1024,6,static,16,3,0.878775,5.109375,2443.72,0.9690
ijk,1024,6,static,16,4,0.899296,4.984375,2387.96,0.9238
ikj,1024,6,static,16,0,0.040001,0.218750,53685.75,0.9114
ikj,1024,6,static,16,1,0.043359,0.187500,49527.41,0.7207
ikj,1024,6,static,16,2,0.042461,0.234375,50575.56,0.9200
ikj,1024,6,static,16,3,0.035884,0.203125,59844.82,0.9434
ikj,1024,6,static,16,4,0.052515,0.203125,40892.61,0.6447
ijk,1024,12,static,1,0,0.448651,4.578125,4786.53,0.8503
ijk,1024,12,static,1,1,0.445087,4.531250,4824.86,0.8484
ijk,1024,12,static,1,2,0.451873,4.328125,4752.41,0.7982
ijk,1024,12,static,1,3,0.465011,4.562500,4618.14,0.8176
ijk,1024,12,static,1,4,0.463305,4.687500,4635.14,0.8431
ikj,1024,12,static,1,0,0.046235,0.500000,46446.94,0.9012
ikj,1024,12,static,1,1,0.045846,0.531250,46841.35,0.9656
ikj,1024,12,static,1,2,0.045416,0.546875,47285.15,1.0035
ikj,1024,12,static,1,3,0.045521,0.484375,47175.36,0.8867
ikj,1024,12,static,1,4,0.052389,0.406250,40991.27,0.6462
ijk,1024,12,dynamic,64,0,0.660235,4.453125,3252.60,0.5621
ijk,1024,12,dynamic,64,1,0.595095,4.375000,3608.64,0.6126
ijk,1024,12,dynamic,64,2,0.607483,4.390625,3535.05,0.6023
ijk,1024,12,dynamic,64,3,0.585401,4.312500,3668.40,0.6139
ijk,1024,12,dynamic,64,4,0.607140,4.156250,3537.05,0.5705
ikj,1024,12,dynamic,64,0,0.041091,0.437500,52261.53,0.8873
ikj,1024,12,dynamic,64,1,0.046452,0.406250,46230.07,0.7288
ikj,1024,12,dynamic,64,2,0.044077,0.281250,48720.63,0.5317
ikj,1024,12,dynamic,64,3,0.040595,0.265625,52900.46,0.5453
ikj,1024,12,dynamic,64,4,0.041331,0.406250,51958.56,0.8191
ijk,1024,12,static,16,0,0.453068,4.375000,4739.87,0.8047
ijk,1024,12,static,16,1,0.528036,4.484375,4066.93,0.7077
ijk,1024,12,static,16,2,0.452911,4.484375,4741.51,0.8251
ijk,1024,12,static,16,3,0.457344,4.453125,4695.55,0.8114
ijk,1024,12,static,16,4,0.474968,4.375000,4521.32,0.7676
ikj,1024,12,static,16,0,0.039617,0.359375,54205.43,0.7559
ikj,1024,12,static,16,1,0.044568,0.421875,48184.54,0.7888
ikj,1024,12,static,16,2,0.038967,0.406250,55110.17,0.8688
ikj,1024,12,static,16,3,0.039663,0.343750,54142.98,0.7222
ikj,1024,12,static,16,4,0.041829,0.375000,51339.10,0.7471
ijk,1024,6,guided,0,0,0.769092,4.578125,2792.23,0.9921
ijk,1024,6,guided,0,1,0.785659,4.578125,2733.35,0.9712
ijk,1024,6,guided,0,2,0.777971,4.562500,2760.36,0.9774
ijk,1024,6,guided,0,3,0.791763,4.531250,2712.28,0.9538
ijk,1024,6,guided,0,4,0.768093,4.515625,2795.86,0.9798
ikj,1024,6,guided,0,0,0.046838,0.281250,45849.66,1.0008
ikj,1024,6,guided,0,1,0.036655,0.187500,58587.02,0.8526
ikj,1024,6,guided,0,2,0.041201,0.281250,52121.87,1.1377
ikj,1024,6,guided,0,3,0.037262,0.171875,57632.16,0.7688
ikj,1024,6,guided,0,4,0.037981,0.281250,56541.59,1.2342
ijk,1024,12,dynamic,1,0,0.450383,4.671875,4768.13,0.8644
ijk,1024,12,dynamic,1,1,0.507987,4.671875,4227.44,0.7664
ijk,1024,12,dynamic,1,2,0.498720,4.406250,4305.99,0.7363
ijk,1024,12,dynamic,1,3,0.480512,4.796875,4469.15,0.8319
ijk,1024,12,dynamic,1,4,0.448822,4.578125,4784.72,0.8500
ikj,1024,12,dynamic,1,0,0.055683,0.468750,38566.10,0.7015
ikj,1024,12,dynamic,1,1,0.055649,0.578125,38589.80,0.8657
ikj,1024,12,dynamic,1,2,0.053861,0.468750,39871.14,0.7253
ikj,1024,12,dynamic,1,3,0.053908,0.609375,39836.08,0.9420
ikj,1024,12,dynamic,1,4,0.055092,0.468750,38979.81,0.7090
ijk,1024,6,static,1,0,0.828405,4.859375,2592.31,0.9777
ijk,1024,6,static,1,1,0.831685,4.906250,2582.09,0.9832
ijk,1024,6,static,1,2,0.844384,4.906250,2543.25,0.9684
ijk,1024,6,static,1,3,0.830390,4.875000,2586.11,0.9785
ijk,1024,6,static,1,4,0.832916,4.937500,2578.27,0.9880
ikj,1024,6,static,1,0,0.052706,0.250000,40744.58,0.7905
ikj,1024,6,static,1,1,0.059066,0.250000,36357.36,0.7054
ikj,1024,6,static,1,2,0.045646,0.234375,47047.00,0.8558
ikj,1024,6,static,1,3,0.063685,0.312500,33720.61,0.8178
ikj,1024,6,static,1,4,0.057043,0.296875,37647.02,0.8674
ijk,1024,6,dynamic,64,0,0.950766,5.046875,2258.69,0.8847
ijk,1024,6,dynamic,64,1,0.944856,5.031250,2272.82,0.8875
ijk,1024,6,dynamic,64,2,0.956361,4.953125,2245.47,0.8632
ijk,1024,6,dynamic,64,3,0.950677,4.953125,2258.90,0.8684
ijk,1024,6,dynamic,64,4,0.951481,5.015625,2256.99,0.8786
ikj,1024,6,dynamic,64,0,0.046832,0.218750,45855.44,0.7785
ikj,1024,6,dynamic,64,1,0.034959,0.156250,61428.28,0.7449
ikj,1024,6,dynamic,64,2,0.035313,0.187500,60813.70,0.8850
ikj,1024,6,dynamic,64,3,0.039739,0.250000,54039.97,1.0485
ikj,1024,6,dynamic,64,4,0.044923,0.218750,47803.76,0.8116
ijk,1024,12,dynamic,16,0,0.456551,4.453125,4703.71,0.8128
ijk,1024,12,dynamic,16,1,0.440202,4.453125,4878.41,0.8430
ijk,1024,12,dynamic,16,2,0.439554,4.453125,4885.60,0.8443
ijk,1024,12,dynamic,16,3,0.450026,4.609375,4771.91,0.8535
ijk,1024,12,dynamic,16,4,0.476596,4.437500,4505.88,0.7759
ikj,1024,12,dynamic,16,0,0.041250,0.375000,52060.71,0.7576
ikj,1024,12,dynamic,16,1,0.042724,0.421875,50263.64,0.8229
ikj,1024,12,dynamic,16,2,0.040885,0.281250,52525.36,0.5733
ikj,1024,12,dynamic,16,3,0.040435,0.468750,53109.39,0.9661
ikj,1024,12,dynamic,16,4,0.040899,0.328125,52507.00,0.6686
ijk,1024,6,dynamic,1,0,0.765981,4.546875,2803.57,0.9893
ijk,1024,6,dynamic,1,1,0.775704,4.578125,2768.43,0.9836
ijk,1024,6,dynamic,1,2,0.804804,4.703125,2668.33,0.9740
ijk,1024,6,dynamic,1,3,0.802722,4.750000,2675.25,0.9862
ijk,1024,6,dynamic,1,4,0.803475,4.687500,2672.74,0.9723
ikj,1024,6,dynamic,1,0,0.058309,0.375000,36829.43,1.0719
ikj,1024,6,dynamic,1,1,0.057769,0.281250,37173.89,0.8114
ikj,1024,6,dynamic,1,2,0.056344,0.375000,38113.52,1.1092
ikj,1024,6,dynamic,1,3,0.057297,0.375000,37479.73,1.0908
ikj,1024,6,dynamic,1,4,0.061152,0.281250,35117.32,0.7665
ijk,1024,6,dynamic,16,0,0.886160,4.937500,2423.36,0.9286
ijk,1024,6,dynamic,16,1,0.867170,4.843750,2476.43,0.9309
ijk,1024,6,dynamic,16,2,0.872180,4.765625,2462.20,0.9107
ijk,1024,6,dynamic,16,3,0.862037,4.781250,2491.17,0.9244
ijk,1024,6,dynamic,16,4,0.850890,4.812500,2523.81,0.9426
ikj,1024,6,dynamic,16,0,0.035708,0.187500,60140.97,0.8752
ikj,1024,6,dynamic,16,1,0.044330,0.281250,48442.58,1.0574
ikj,1024,6,dynamic,16,2,0.050221,0.296875,42760.42,0.9852
ikj,1024,6,dynamic,16,3,0.051285,0.281250,41873.77,0.9140
ikj,1024,6,dynamic,16,4,0.038746,0.187500,55424.37,0.8065
